Partido;Acronimos;Votos;
CCa-PNC;CCa-PNC;165446;
PSOE;PSOE;180669;
PP;PP;169065;
PODEMOS;PODEMOS;132159;
NCa;NCa;93152;
ASG;ASG;5089;
C's;C's;53981;
UNIDOS;UNIDOS;32701;
IUC-LV-Unidad del Pueblo-ALTER;IUC-LV-Unidad del Pueblo-ALTER;20029;
PACMA;PACMA;11266;
UPyD;UPyD;8187;
ANC;ANC;5566;
+XT;+XT;3430;
MUPC;MUPC;1905;
VOX;VOX;1853;
P.C.P.C.;P.C.P.C.;1849;
PUM+J;PUM+J;1820;
RECORTES CERO;RECORTES CERO;1484;
AMF;AMF;1429;
EB;EB;1347;
SAIn;SAIn;419;
Comprom�sFormentera;Comprom�sFormentera;383;
P.R.E.F.;P.R.E.F.;374;
