PP;PP+AA2:A21;510951;37.77 %
PSOE;PSOE;351057;25.95 %
PODEMOS;PODEMOS;163637;12.1 %
Ciudadanos;C's;138926;10.27 %
IU-EQUO;IU-EQUO;56133;4.15 %
U.P.L.;U.P.L.;19067;1.41 %
UPyD;UPyD;19367;1.43 %
CI-CCD;CI-CCD;12735;0.94 %
VOX;VOX;9219;0.68 %
PACMA;PACMA;7145;0.53 %
CB;CB;5026;0.37 %
PCAS-TC;PCAS-TC;4447;0.33 %
GANEMOS AL FRACKING;GANEMOS AL FRACKING;2382;0.18 %
ADEIZA;ADEIZA;2374;0.18 %
AHORA DECIDE/AS;AHORA DECIDE/AS;2279;0.17 %
PAL-UL;PAL-UL;1964;0.15 %
FE de las JONS;FE de las JONS;1782;0.13 %
CRA;CRA;1673;0.12 %
PCPE;PCPE;1383;0.1 %
PREPAL;PREPAL;1325;0.1 %
SAIn;SAIn;944;0.07 %
PxL - Con las Manos Limpias;PxL - Con las Manos Limpias;911;0.07 %
D.N.;D.N.;888;0.07 %
PSeDE;PSeDE;866;0.06 %
DRCyL;DRCyL;837;0.06 %
CILUS;CILUS;733;0.05 %
P.R.B.;P.R.B.;722;0.05 %
CIVES;CIVES;627;0.05 %
EB;EB;348;0.03 %
